{"vertices": [[0.0, -0.91737133264541626, 1.2821075328625927e-17, 0.39803257584571838], [0.71722978353500366, -0.571971595287323, 1.2821075328625927e-17, 0.39803257584571838], [-4.8744932934582268e-17, -0.91737133264541626, -3.5923858433136954e-17, -0.39803257584571838], [-0.71722978353500366, -0.571971595287323, 1.2821075328625927e-17, 0.39803257584571838], [0.71722978353500366, -0.571971595287323, -3.5923858433136954e-17, -0.39803257584571838], [-0.71722978353500366, -0.571971595287323, -3.5923858433136954e-17, -0.39803257584571838], [0.89437079429626465, 0.20413443446159363, 1.2821075328625927e-17, 0.39803257584571838], [-0.89437079429626465, 0.20413443446159363, 1.2821075328625927e-17, 0.39803257584571838], [0.89437079429626465, 0.20413443446159363, -3.5923858433136954e-17, -0.39803257584571838], [-0.89437079429626465, 0.20413443446159363, -3.5923858433136954e-17, -0.39803257584571838], [0.39803227782249451, 0.82652294635772705, 1.2821075328625927e-17, 0.39803257584571838], [-0.39803227782249451, 0.82652294635772705, 1.2821075328625927e-17, 0.39803257584571838], [0.39803227782249451, 0.82652294635772705, -3.5923858433136954e-17, -0.39803257584571838], [-0.39803227782249451, 0.82652294635772705, -3.5923858433136954e-17, -0.39803257584571838]], "faces": [[0, 3, 7, 11, 10, 6, 1], [2, 5, 9, 13, 12, 8, 4], [0, 1, 4, 2], [0, 3, 5, 2], [1, 6, 8, 4], [3, 7, 9, 5], [6, 10, 12, 8], [7, 11, 13, 9], [10, 11, 13, 12]]}