{"vertices": [[0.57735025882720947, -0.57735025882720947, 0.57735025882720947, -5.606153074107101e-17], [-0.57735025882720947, -0.57735025882720947, 0.57735025882720947, -5.606153074107101e-17], [0.57735031843185425, 0.5773501992225647, 0.57735025882720947, -5.606153074107101e-17], [-0.57735031843185425, 0.5773501992225647, 0.57735025882720947, -5.606153074107101e-17], [0.57735031843185425, -0.57735031843185425, -0.57735013961791992, -5.606153074107101e-17], [-0.57735031843185425, -0.57735031843185425, -0.57735013961791992, -5.606153074107101e-17], [0.57735037803649902, 0.57735025882720947, -0.57735013961791992, -5.606153074107101e-17], [-0.57735037803649902, 0.57735025882720947, -0.57735013961791992, -5.606153074107101e-17]], "faces": [[0, 1, 3, 2], [0, 1, 5, 4], [0, 2, 6, 4], [1, 3, 7, 5], [2, 3, 7, 6], [4, 5, 7, 6]]}