{"vertices": [[0.49999994039535522, -0.28867509961128235, 0.40824824571609497, -0.7071068286895752], [-0.49999994039535522, -0.28867509961128235, 0.40824824571609497, -0.7071068286895752], [-1.4901161193847656e-8, 0.5773501992225647, 0.40824824571609497, -0.7071068286895752], [-1.4901161193847656e-8, -0.57735025882720947, -0.40824824571609497, -0.7071068286895752], [0.5, 0.28867512941360474, -0.40824824571609497, -0.7071068286895752], [-1.4901161193847656e-8, -0.57735025882720947, 0.81649655103683472, -1.7881393432617188e-7], [-0.5, 0.28867512941360474, -0.40824824571609497, -0.7071068286895752], [0.5, 0.28867512941360474, 0.81649655103683472, -1.7881393432617188e-7], [-0.5, 0.28867512941360474, 0.81649655103683472, -1.7881393432617188e-7], [0.5, -0.86602532863616943, 0.0, -1.7881393432617188e-7], [-0.5, -0.86602532863616943, 0.0, -1.7881393432617188e-7], [1.0, -5.9604644775390625e-8, 0.0, -1.7881393432617188e-7], [-1.0, -5.9604644775390625e-8, 0.0, -1.7881393432617188e-7], [0.49999997019767761, 0.86602538824081421, 0.0, -1.7881393432617188e-7], [-0.49999997019767761, 0.86602538824081421, 0.0, -1.7881393432617188e-7], [0.49999997019767761, -0.28867515921592712, -0.81649655103683472, -1.7881393432617188e-7], [-0.49999997019767761, -0.28867515921592712, -0.81649655103683472, -1.7881393432617188e-7], [0.49999997019767761, -0.28867515921592712, 0.40824851393699646, 0.70710659027099609], [-0.49999997019767761, -0.28867515921592712, 0.40824851393699646, 0.70710659027099609], [2.9802322387695312e-8, 0.57735025882720947, -0.81649655103683472, -1.7881393432617188e-7], [2.9802322387695312e-8, 0.57735025882720947, 0.40824851393699646, 0.70710659027099609], [2.9802322387695312e-8, -0.57735049724578857, -0.40824821591377258, 0.70710659027099609], [0.5000002384185791, 0.2886752188205719, -0.40824821591377258, 0.70710659027099609], [-0.5000002384185791, 0.2886752188205719, -0.40824821591377258, 0.70710659027099609]], "faces": [[0, 1, 2], [0, 1, 3], [0, 2, 4], [0, 1, 5], [1, 2, 6], [0, 3, 4], [0, 2, 7], [1, 3, 6], [1, 2, 8], [0, 5, 7], [0, 3, 9], [2, 4, 6], [1, 5, 8], [1, 3, 10], [0, 5, 9], [0, 4, 11], [3, 4, 6], [2, 7, 8], [1, 5, 10], [2, 4, 13], [0, 7, 11], [1, 6, 12], [5, 7, 8], [3, 9, 10], [2, 7, 13], [2, 6, 14], [3, 4, 15], [1, 8, 12], [0, 9, 11], [5, 9, 10], [4, 11, 13], [2, 8, 14], [3, 9, 15], [3, 6, 16], [5, 7, 17], [1, 10, 12], [7, 11, 13], [6, 12, 14], [4, 11, 15], [3, 10, 16], [5, 9, 17], [4, 6, 19], [5, 8, 18], [2, 13, 14], [8, 12, 14], [9, 11, 15], [6, 12, 16], [7, 11, 17], [4, 13, 19], [5, 10, 18], [7, 8, 20], [3, 15, 16], [10, 12, 16], [9, 11, 17], [6, 14, 19], [8, 12, 18], [4, 15, 19], [7, 13, 20], [9, 10, 21], [5, 17, 18], [13, 14, 19], [10, 12, 18], [6, 16, 19], [8, 14, 20], [7, 17, 20], [9, 15, 21], [11, 13, 22], [15, 16, 19], [13, 14, 20], [8, 18, 20], [10, 16, 21], [9, 17, 21], [11, 15, 22], [12, 14, 23], [17, 18, 20], [15, 16, 21], [10, 18, 21], [13, 19, 22], [11, 17, 22], [12, 16, 23], [17, 18, 21], [15, 19, 22], [13, 20, 22], [14, 19, 23], [12, 18, 23], [17, 20, 22], [16, 19, 23], [14, 20, 23], [15, 21, 22], [18, 20, 23], [17, 21, 22], [16, 21, 23], [18, 21, 23], [19, 22, 23], [20, 22, 23], [21, 22, 23]]}