{"vertices": [[0.0, -0.70710676908493042, 0.61237245798110962, -0.35355338454246521], [0.61237245798110962, 0.35355338454246521, 0.61237245798110962, -0.35355338454246521], [-7.4994000896515305e-17, -0.70710676908493042, -0.61237245798110962, -0.35355338454246521], [-0.61237245798110962, 0.35355338454246521, 0.61237245798110962, -0.35355338454246521], [0.61237245798110962, 0.35355338454246521, -0.61237245798110962, -0.35355338454246521], [-3.3087224502121107e-24, -0.70710676908493042, -2.9802322387695312e-8, 0.7071068286895752], [-0.61237245798110962, 0.35355338454246521, -0.61237245798110962, -0.35355338454246521], [0.61237245798110962, 0.35355338454246521, -2.9802322387695312e-8, 0.7071068286895752], [-0.61237245798110962, 0.35355338454246521, -2.9802322387695312e-8, 0.7071068286895752]], "faces": [[0, 3, 1], [2, 6, 4], [5, 8, 7], [0, 1, 4, 2], [0, 3, 6, 2], [0, 1, 7, 5], [1, 3, 6, 4], [0, 3, 8, 5], [2, 4, 7, 5], [1, 3, 8, 7], [2, 6, 8, 5], [4, 6, 8, 7], [0, 2, 5], [1, 4, 7], [3, 6, 8]]}