{"vertices": [[0.39528471231460571, -0.68465316295623779, 0.48412290215492249, -0.37499994039535522], [-0.39528471231460571, -0.68465316295623779, 0.48412290215492249, -0.37499994039535522], [0.79056942462921143, -2.9802322387695312e-8, 0.48412290215492249, -0.37499994039535522], [-0.79056942462921143, -2.9802322387695312e-8, 0.48412290215492249, -0.37499994039535522], [0.39528465270996094, 0.68465316295623779, 0.48412290215492249, -0.37499994039535522], [0.79056942462921143, -0.45643541216850281, -0.1613742858171463, -0.37499994039535522], [-0.39528465270996094, 0.68465316295623779, 0.48412290215492249, -0.37499994039535522], [-0.79056942462921143, -0.45643541216850281, -0.1613742858171463, -0.37499994039535522], [0.39528465270996094, -0.2282177060842514, -0.80687147378921509, -0.37499994039535522], [0.79056942462921143, -0.45643541216850281, 0.32274860143661499, 0.25], [-0.39528465270996094, -0.2282177060842514, -0.80687147378921509, -0.37499994039535522], [-0.79056942462921143, -0.45643541216850281, 0.32274860143661499, 0.25], [-8.9406967163085938e-8, 0.91287094354629517, -0.1613742858171463, -0.37499994039535522], [0.39528465270996094, -0.2282177060842514, 0.16137434542179108, 0.87500005960464478], [-0.39528465270996094, -0.2282177060842514, 0.16137434542179108, 0.87500005960464478], [-1.4901161193847656e-8, 0.4564354419708252, -0.80687147378921509, -0.37499994039535522], [-8.9406967163085938e-8, 0.91287094354629517, 0.32274860143661499, 0.25], [-1.4901161193847656e-8, 0.4564354419708252, 0.16137434542179108, 0.87500005960464478], [-8.9406967163085938e-8, 0.0, -0.96824580430984497, 0.25], [-1.4901161193847656e-8, -4.4703483581542969e-8, -0.48412290215492249, 0.87500005960464478]], "faces": [[0, 1, 3, 6, 4, 2], [0, 1, 7, 10, 8, 5], [2, 4, 12, 15, 8, 5], [0, 1, 11, 14, 13, 9], [3, 6, 12, 15, 10, 7], [2, 4, 16, 17, 13, 9], [3, 6, 16, 17, 14, 11], [5, 8, 18, 19, 13, 9], [7, 10, 18, 19, 14, 11], [12, 15, 18, 19, 17, 16], [0, 2, 5], [1, 3, 7], [0, 2, 9], [4, 6, 12], [1, 3, 11], [0, 5, 9], [8, 10, 15], [4, 6, 16], [1, 7, 11], [2, 5, 9], [13, 14, 17], [8, 10, 18], [4, 12, 16], [3, 7, 11], [13, 14, 19], [8, 15, 18], [6, 12, 16], [13, 17, 19], [10, 15, 18], [14, 17, 19]]}