{"vertices": [[0.70710688829421997, -0.40824836492538452, 0.28867515921592712, -0.49999988079071045], [-0.70710688829421997, -0.40824836492538452, 0.28867515921592712, -0.49999988079071045], [0.0, 0.81649672985076904, 0.28867515921592712, -0.49999988079071045], [-8.6595619269155344e-17, 2.9802322387695312e-8, -0.86602550745010376, -0.49999988079071045], [3.5869069298083891e-17, 2.9802322387695312e-8, 0.86602520942687988, 0.50000035762786865], [-5.0726526810014301e-17, -0.81649637222290039, -0.28867512941360474, 0.50000035762786865], [0.70710664987564087, 0.4082481861114502, -0.28867512941360474, 0.50000035762786865], [-0.70710664987564087, 0.4082481861114502, -0.28867512941360474, 0.50000035762786865]], "faces": [[0, 1, 2], [0, 1, 3], [0, 2, 3], [0, 1, 4], [1, 2, 3], [0, 2, 4], [0, 1, 5], [1, 2, 4], [0, 3, 5], [0, 2, 6], [1, 3, 5], [0, 3, 6], [0, 4, 5], [1, 2, 7], [2, 3, 6], [1, 4, 5], [1, 3, 7], [0, 4, 6], [2, 3, 7], [2, 4, 6], [1, 4, 7], [0, 5, 6], [2, 4, 7], [3, 5, 6], [1, 5, 7], [3, 5, 7], [4, 5, 6], [2, 6, 7], [3, 6, 7], [4, 5, 7], [4, 6, 7], [5, 6, 7]]}