{"vertices": [[0.79056942462921143, -0.45643547177314758, 0.3227485716342926, -0.24999995529651642], [-0.79056942462921143, -0.45643547177314758, 0.3227485716342926, -0.24999995529651642], [-2.9802322387695312e-8, 0.91287094354629517, 0.3227485716342926, -0.24999995529651642], [-2.9802322387695312e-8, 2.9802322387695312e-8, -0.96824580430984497, -0.24999995529651642], [-2.9802322387695312e-8, 2.9802322387695312e-8, 2.9802322387695312e-8, 1.0000001192092896]], "faces": [[0, 1, 2], [0, 1, 3], [0, 2, 3], [0, 1, 4], [1, 2, 3], [0, 2, 4], [1, 2, 4], [0, 3, 4], [1, 3, 4], [2, 3, 4]]}