{"vertices": [[0.5, -0.5, 0.5, -0.5], [-0.5, -0.5, 0.5, -0.5], [0.50000005960464478, 0.49999994039535522, 0.5, -0.5], [-0.50000005960464478, 0.49999994039535522, 0.5, -0.5], [0.50000005960464478, -0.50000005960464478, -0.49999988079071045, -0.5], [-0.50000005960464478, -0.50000005960464478, -0.49999988079071045, -0.5], [0.50000005960464478, -0.50000005960464478, 0.50000005960464478, 0.49999982118606567], [-0.50000005960464478, -0.50000005960464478, 0.50000005960464478, 0.49999982118606567], [0.50000011920928955, 0.5, -0.49999988079071045, -0.5], [-0.50000011920928955, 0.5, -0.49999988079071045, -0.5], [0.50000011920928955, 0.5, 0.50000005960464478, 0.49999982118606567], [-0.50000011920928955, 0.5, 0.50000005960464478, 0.49999982118606567], [0.50000011920928955, -0.50000011920928955, -0.49999994039535522, 0.49999982118606567], [-0.50000011920928955, -0.50000011920928955, -0.49999994039535522, 0.49999982118606567], [0.50000017881393433, 0.50000005960464478, -0.49999994039535522, 0.49999982118606567], [-0.50000017881393433, 0.50000005960464478, -0.49999994039535522, 0.49999982118606567]], "faces": [[0, 1, 3, 2], [0, 1, 5, 4], [0, 2, 8, 4], [0, 1, 7, 6], [1, 3, 9, 5], [0, 2, 10, 6], [2, 3, 9, 8], [1, 3, 11, 7], [0, 4, 12, 6], [4, 5, 9, 8], [2, 3, 11, 10], [1, 5, 13, 7], [6, 7, 11, 10], [4, 5, 13, 12], [2, 8, 14, 10], [6, 7, 13, 12], [4, 8, 14, 12], [3, 9, 15, 11], [6, 10, 14, 12], [5, 9, 15, 13], [7, 11, 15, 13], [8, 9, 15, 14], [10, 11, 15, 14], [12, 13, 15, 14]]}